x-coordinate,y-coordinate,temperature
0.00025,0.00025,282.9997
0.00075,0.00025,282.9997
0.00125,0.00025,282.9997
0.00175,0.00025,282.9997
0.00225,0.00025,282.9997
0.00275,0.00025,282.9996
0.00325,0.00025,282.9997
0.00375,0.00025,282.9996
0.00425,0.00025,282.9996
0.00475,0.00025,282.9996
0.00525,0.00025,282.9996
0.00575,0.00025,282.9996
0.00625,0.00025,282.9997
0.00675,0.00025,282.9997
0.00725,0.00025,282.9997
0.00775,0.00025,282.9997
0.00825,0.00025,282.9997
0.00875,0.00025,282.9998
0.00925,0.00025,282.9998
0.00975,0.00025,283
0.01025,0.00025,283.0001
0.01075,0.00025,283.0002
0.01125,0.00025,283.0005
0.01175,0.00025,283.0008
0.01225,0.00025,283.0012
0.01275,0.00025,283.0017
0.01325,0.00025,283.0023
0.01375,0.00025,283.0029
0.01425,0.00025,283.0036
0.01475,0.00025,283.0045
0.01525,0.00025,283.0055
0.01575,0.00025,283.0067
0.01625,0.00025,283.008
0.01675,0.00025,283.0095
0.01725,0.00025,283.0113
0.01775,0.00025,283.0132
0.01825,0.00025,283.0154
0.01875,0.00025,283.0179
0.01925,0.00025,283.0208
0.01975,0.00025,283.0239
0.02025,0.00025,283.0276
0.02075,0.00025,283.0317
0.02125,0.00025,283.0362
0.02175,0.00025,283.0413
0.02225,0.00025,283.0471
0.02275,0.00025,283.0534
0.02325,0.00025,283.0605
0.02375,0.00025,283.0684
0.02425,0.00025,283.0771
0.02475,0.00025,283.0869
0.02525,0.00025,283.0977
0.02575,0.00025,283.1096
0.02625,0.00025,283.1228
0.02675,0.00025,283.1374
0.02725,0.00025,283.1534
0.02775,0.00025,283.1711
0.02825,0.00025,283.1904
0.02875,0.00025,283.2117
0.02925,0.00025,283.2349
0.02975,0.00025,283.2604
0.03025,0.00025,283.2882
0.03075,0.00025,283.3186
0.03125,0.00025,283.3516
0.03175,0.00025,283.3875
0.03225,0.00025,283.4265
0.03275,0.00025,283.4689
0.03325,0.00025,283.5149
0.03375,0.00025,283.5646
0.03425,0.00025,283.6184
0.03475,0.00025,283.6764
0.03525,0.00025,283.7389
0.03575,0.00025,283.8062
0.03625,0.00025,283.8786
0.03675,0.00025,283.9563
0.03725,0.00025,284.0397
0.03775,0.00025,284.129
0.03825,0.00025,284.2245
0.03875,0.00025,284.3264
0.03925,0.00025,284.4353
0.03975,0.00025,284.5512
0.04025,0.00025,284.6747
0.04075,0.00025,284.8057
0.04125,0.00025,284.9449
0.04175,0.00025,285.0924
0.04225,0.00025,285.2485
0.04275,0.00025,285.4135
0.04325,0.00025,285.5877
0.04375,0.00025,285.7713
0.04425,0.00025,285.9646
0.04475,0.00025,286.1675
0.04525,0.00025,286.3803
0.04575,0.00025,286.6029
0.04625,0.00025,286.8351
0.04675,0.00025,287.0767
0.04725,0.00025,287.3271
0.04775,0.00025,287.5854
0.04825,0.00025,287.8509
0.04875,0.00025,288.122
0.04925,0.00025,288.3978
0.04975,0.00025,288.677
0.00025,0.00075,282.9997
0.00075,0.00075,282.9997
0.00125,0.00075,282.9997
0.00175,0.00075,282.9996
0.00225,0.00075,282.9997
0.00275,0.00075,282.9996
0.00325,0.00075,282.9996
0.00375,0.00075,282.9996
0.00425,0.00075,282.9995
0.00475,0.00075,282.9995
0.00525,0.00075,282.9996
0.00575,0.00075,282.9996
0.00625,0.00075,282.9996
0.00675,0.00075,282.9996
0.00725,0.00075,282.9996
0.00775,0.00075,282.9997
0.00825,0.00075,282.9997
0.00875,0.00075,282.9998
0.00925,0.00075,282.9998
0.00975,0.00075,282.9999
0.01025,0.00075,283.0001
0.01075,0.00075,283.0002
0.01125,0.00075,283.0005
0.01175,0.00075,283.0008
0.01225,0.00075,283.0012
0.01275,0.00075,283.0016
0.01325,0.00075,283.0022
0.01375,0.00075,283.0029
0.01425,0.00075,283.0036
0.01475,0.00075,283.0044
0.01525,0.00075,283.0054
0.01575,0.00075,283.0066
0.01625,0.00075,283.0079
0.01675,0.00075,283.0095
0.01725,0.00075,283.0112
0.01775,0.00075,283.0132
0.01825,0.00075,283.0154
0.01875,0.00075,283.0179
0.01925,0.00075,283.0207
0.01975,0.00075,283.024
0.02025,0.00075,283.0276
0.02075,0.00075,283.0316
0.02125,0.00075,283.0361
0.02175,0.00075,283.0413
0.02225,0.00075,283.047
0.02275,0.00075,283.0534
0.02325,0.00075,283.0605
0.02375,0.00075,283.0683
0.02425,0.00075,283.0772
0.02475,0.00075,283.0868
0.02525,0.00075,283.0976
0.02575,0.00075,283.1096
0.02625,0.00075,283.1227
0.02675,0.00075,283.1373
0.02725,0.00075,283.1534
0.02775,0.00075,283.171
0.02825,0.00075,283.1903
0.02875,0.00075,283.2116
0.02925,0.00075,283.2348
0.02975,0.00075,283.2603
0.03025,0.00075,283.2881
0.03075,0.00075,283.3184
0.03125,0.00075,283.3514
0.03175,0.00075,283.3873
0.03225,0.00075,283.4264
0.03275,0.00075,283.4688
0.03325,0.00075,283.5147
0.03375,0.00075,283.5644
0.03425,0.00075,283.6182
0.03475,0.00075,283.6761
0.03525,0.00075,283.7387
0.03575,0.00075,283.8059
0.03625,0.00075,283.8783
0.03675,0.00075,283.956
0.03725,0.00075,284.0393
0.03775,0.00075,284.1286
0.03825,0.00075,284.224
0.03875,0.00075,284.326
0.03925,0.00075,284.4348
0.03975,0.00075,284.5508
0.04025,0.00075,284.674
0.04075,0.00075,284.8051
0.04125,0.00075,284.9443
0.04175,0.00075,285.0917
0.04225,0.00075,285.2478
0.04275,0.00075,285.4128
0.04325,0.00075,285.5871
0.04375,0.00075,285.7707
0.04425,0.00075,285.9641
0.04475,0.00075,286.1671
0.04525,0.00075,286.3802
0.04575,0.00075,286.6031
0.04625,0.00075,286.8359
0.04675,0.00075,287.0781
0.04725,0.00075,287.3294
0.04775,0.00075,287.589
0.04825,0.00075,287.8557
0.04875,0.00075,288.1282
0.04925,0.00075,288.4051
0.04975,0.00075,288.6849
0.00025,0.00125,282.9997
0.00075,0.00125,282.9997
0.00125,0.00125,282.9997
0.00175,0.00125,282.9996
0.00225,0.00125,282.9996
0.00275,0.00125,282.9996
0.00325,0.00125,282.9996
0.00375,0.00125,282.9996
0.00425,0.00125,282.9996
0.00475,0.00125,282.9996
0.00525,0.00125,282.9996
0.00575,0.00125,282.9996
0.00625,0.00125,282.9996
0.00675,0.00125,282.9996
0.00725,0.00125,282.9996
0.00775,0.00125,282.9996
0.00825,0.00125,282.9997
0.00875,0.00125,282.9997
0.00925,0.00125,282.9998
0.00975,0.00125,282.9998
0.01025,0.00125,283
0.01075,0.00125,283.0002
0.01125,0.00125,283.0004
0.01175,0.00125,283.0007
0.01225,0.00125,283.0011
0.01275,0.00125,283.0016
0.01325,0.00125,283.0021
0.01375,0.00125,283.0028
0.01425,0.00125,283.0036
0.01475,0.00125,283.0044
0.01525,0.00125,283.0054
0.01575,0.00125,283.0066
0.01625,0.00125,283.0079
0.01675,0.00125,283.0094
0.01725,0.00125,283.0111
0.01775,0.00125,283.0131
0.01825,0.00125,283.0153
0.01875,0.00125,283.0178
0.01925,0.00125,283.0206
0.01975,0.00125,283.0238
0.02025,0.00125,283.0275
0.02075,0.00125,283.0315
0.02125,0.00125,283.036
0.02175,0.00125,283.0411
0.02225,0.00125,283.0468
0.02275,0.00125,283.0533
0.02325,0.00125,283.0604
0.02375,0.00125,283.0683
0.02425,0.00125,283.077
0.02475,0.00125,283.0867
0.02525,0.00125,283.0975
0.02575,0.00125,283.1094
0.02625,0.00125,283.1227
0.02675,0.00125,283.1372
0.02725,0.00125,283.1532
0.02775,0.00125,283.1708
0.02825,0.00125,283.1902
0.02875,0.00125,283.2114
0.02925,0.00125,283.2346
0.02975,0.00125,283.2601
0.03025,0.00125,283.2878
0.03075,0.00125,283.3181
0.03125,0.00125,283.3511
0.03175,0.00125,283.387
0.03225,0.00125,283.4261
0.03275,0.00125,283.4684
0.03325,0.00125,283.5143
0.03375,0.00125,283.564
0.03425,0.00125,283.6177
0.03475,0.00125,283.6757
0.03525,0.00125,283.7381
0.03575,0.00125,283.8053
0.03625,0.00125,283.8776
0.03675,0.00125,283.9553
0.03725,0.00125,284.0386
0.03775,0.00125,284.1278
0.03825,0.00125,284.2232
0.03875,0.00125,284.3252
0.03925,0.00125,284.4338
0.03975,0.00125,284.5496
0.04025,0.00125,284.6729
0.04075,0.00125,284.8039
0.04125,0.00125,284.9431
0.04175,0.00125,285.0904
0.04225,0.00125,285.2465
0.04275,0.00125,285.4115
0.04325,0.00125,285.5857
0.04375,0.00125,285.7694
0.04425,0.00125,285.9629
0.04475,0.00125,286.1663
0.04525,0.00125,286.3797
0.04575,0.00125,286.6033
0.04625,0.00125,286.8372
0.04675,0.00125,287.0808
0.04725,0.00125,287.334
0.04775,0.00125,287.5958
0.04825,0.00125,287.8653
0.04875,0.00125,288.1407
0.04925,0.00125,288.42
0.04975,0.00125,288.7014
0.00025,0.00175,282.9997
0.00075,0.00175,282.9997
0.00125,0.00175,282.9997
0.00175,0.00175,282.9997
0.00225,0.00175,282.9996
0.00275,0.00175,282.9996
0.00325,0.00175,282.9996
0.00375,0.00175,282.9996
0.00425,0.00175,282.9996
0.00475,0.00175,282.9995
0.00525,0.00175,282.9996
0.00575,0.00175,282.9995
0.00625,0.00175,282.9995
0.00675,0.00175,282.9995
0.00725,0.00175,282.9995
0.00775,0.00175,282.9995
0.00825,0.00175,282.9996
0.00875,0.00175,282.9996
0.00925,0.00175,282.9997
0.00975,0.00175,282.9998
0.01025,0.00175,282.9999
0.01075,0.00175,283.0001
0.01125,0.00175,283.0004
0.01175,0.00175,283.0007
0.01225,0.00175,283.001
0.01275,0.00175,283.0015
0.01325,0.00175,283.002
0.01375,0.00175,283.0027
0.01425,0.00175,283.0034
0.01475,0.00175,283.0043
0.01525,0.00175,283.0053
0.01575,0.00175,283.0065
0.01625,0.00175,283.0077
0.01675,0.00175,283.0093
0.01725,0.00175,283.011
0.01775,0.00175,283.013
0.01825,0.00175,283.0151
0.01875,0.00175,283.0177
0.01925,0.00175,283.0205
0.01975,0.00175,283.0237
0.02025,0.00175,283.0273
0.02075,0.00175,283.0313
0.02125,0.00175,283.0359
0.02175,0.00175,283.041
0.02225,0.00175,283.0467
0.02275,0.00175,283.0531
0.02325,0.00175,283.0602
0.02375,0.00175,283.0681
0.02425,0.00175,283.0768
0.02475,0.00175,283.0865
0.02525,0.00175,283.0973
0.02575,0.00175,283.1093
0.02625,0.00175,283.1224
0.02675,0.00175,283.137
0.02725,0.00175,283.153
0.02775,0.00175,283.1706
0.02825,0.00175,283.1899
0.02875,0.00175,283.2111
0.02925,0.00175,283.2343
0.02975,0.00175,283.2597
0.03025,0.00175,283.2874
0.03075,0.00175,283.3177
0.03125,0.00175,283.3507
0.03175,0.00175,283.3866
0.03225,0.00175,283.4256
0.03275,0.00175,283.4679
0.03325,0.00175,283.5138
0.03375,0.00175,283.5634
0.03425,0.00175,283.617
0.03475,0.00175,283.6749
0.03525,0.00175,283.7373
0.03575,0.00175,283.8045
0.03625,0.00175,283.8768
0.03675,0.00175,283.9543
0.03725,0.00175,284.0374
0.03775,0.00175,284.1266
0.03825,0.00175,284.2219
0.03875,0.00175,284.3236
0.03925,0.00175,284.4323
0.03975,0.00175,284.548
0.04025,0.00175,284.6712
0.04075,0.00175,284.8021
0.04125,0.00175,284.9411
0.04175,0.00175,285.0884
0.04225,0.00175,285.2444
0.04275,0.00175,285.4094
0.04325,0.00175,285.5836
0.04375,0.00175,285.7674
0.04425,0.00175,285.9611
0.04475,0.00175,286.1649
0.04525,0.00175,286.3789
0.04575,0.00175,286.6034
0.04625,0.00175,286.8386
0.04675,0.00175,287.0842
0.04725,0.00175,287.3402
0.04775,0.00175,287.6057
0.04825,0.00175,287.8796
0.04875,0.00175,288.1599
0.04925,0.00175,288.4439
0.04975,0.00175,288.7281
0.00025,0.00225,282.9998
0.00075,0.00225,282.9998
0.00125,0.00225,282.9997
0.00175,0.00225,282.9997
0.00225,0.00225,282.9996
0.00275,0.00225,282.9996
0.00325,0.00225,282.9996
0.00375,0.00225,282.9995
0.00425,0.00225,282.9995
0.00475,0.00225,282.9995
0.00525,0.00225,282.9995
0.00575,0.00225,282.9995
0.00625,0.00225,282.9995
0.00675,0.00225,282.9995
0.00725,0.00225,282.9994
0.00775,0.00225,282.9995
0.00825,0.00225,282.9995
0.00875,0.00225,282.9995
0.00925,0.00225,282.9996
0.00975,0.00225,282.9997
0.01025,0.00225,282.9998
0.01075,0.00225,283
0.01125,0.00225,283.0003
0.01175,0.00225,283.0005
0.01225,0.00225,283.001
0.01275,0.00225,283.0014
0.01325,0.00225,283.0019
0.01375,0.00225,283.0026
0.01425,0.00225,283.0033
0.01475,0.00225,283.0042
0.01525,0.00225,283.0052
0.01575,0.00225,283.0063
0.01625,0.00225,283.0076
0.01675,0.00225,283.0092
0.01725,0.00225,283.0109
0.01775,0.00225,283.0128
0.01825,0.00225,283.015
0.01875,0.00225,283.0175
0.01925,0.00225,283.0203
0.01975,0.00225,283.0235
0.02025,0.00225,283.0271
0.02075,0.00225,283.0312
0.02125,0.00225,283.0358
0.02175,0.00225,283.0409
0.02225,0.00225,283.0466
0.02275,0.00225,283.053
0.02325,0.00225,283.0601
0.02375,0.00225,283.0679
0.02425,0.00225,283.0767
0.02475,0.00225,283.0863
0.02525,0.00225,283.0971
0.02575,0.00225,283.1091
0.02625,0.00225,283.1223
0.02675,0.00225,283.1367
0.02725,0.00225,283.1526
0.02775,0.00225,283.1703
0.02825,0.00225,283.1896
0.02875,0.00225,283.2107
0.02925,0.00225,283.2339
0.02975,0.00225,283.2592
0.03025,0.00225,283.287
0.03075,0.00225,283.3173
0.03125,0.00225,283.3502
0.03175,0.00225,283.386
0.03225,0.00225,283.425
0.03275,0.00225,283.4672
0.03325,0.00225,283.513
0.03375,0.00225,283.5625
0.03425,0.00225,283.6161
0.03475,0.00225,283.674
0.03525,0.00225,283.7362
0.03575,0.00225,283.8033
0.03625,0.00225,283.8755
0.03675,0.00225,283.9529
0.03725,0.00225,284.036
0.03775,0.00225,284.1249
0.03825,0.00225,284.2201
0.03875,0.00225,284.3218
0.03925,0.00225,284.4303
0.03975,0.00225,284.5458
0.04025,0.00225,284.6689
0.04075,0.00225,284.7997
0.04125,0.00225,284.9384
0.04175,0.00225,285.0856
0.04225,0.00225,285.2416
0.04275,0.00225,285.4065
0.04325,0.00225,285.5807
0.04375,0.00225,285.7646
0.04425,0.00225,285.9584
0.04475,0.00225,286.1626
0.04525,0.00225,286.3773
0.04575,0.00225,286.6028
0.04625,0.00225,286.8396
0.04675,0.00225,287.0876
0.04725,0.00225,287.3472
0.04775,0.00225,287.6177
0.04825,0.00225,287.8983
0.04875,0.00225,288.1864
0.04925,0.00225,288.4783
0.04975,0.00225,288.7679
0.00025,0.00275,282.9998
0.00075,0.00275,282.9997
0.00125,0.00275,282.9998
0.00175,0.00275,282.9997
0.00225,0.00275,282.9996
0.00275,0.00275,282.9996
0.00325,0.00275,282.9996
0.00375,0.00275,282.9996
0.00425,0.00275,282.9995
0.00475,0.00275,282.9995
0.00525,0.00275,282.9995
0.00575,0.00275,282.9994
0.00625,0.00275,282.9994
0.00675,0.00275,282.9994
0.00725,0.00275,282.9994
0.00775,0.00275,282.9994
0.00825,0.00275,282.9995
0.00875,0.00275,282.9995
0.00925,0.00275,282.9995
0.00975,0.00275,282.9996
0.01025,0.00275,282.9998
0.01075,0.00275,283
0.01125,0.00275,283.0002
0.01175,0.00275,283.0005
0.01225,0.00275,283.0009
0.01275,0.00275,283.0013
0.01325,0.00275,283.0019
0.01375,0.00275,283.0025
0.01425,0.00275,283.0032
0.01475,0.00275,283.0041
0.01525,0.00275,283.0051
0.01575,0.00275,283.0063
0.01625,0.00275,283.0075
0.01675,0.00275,283.0091
0.01725,0.00275,283.0108
0.01775,0.00275,283.0127
0.01825,0.00275,283.0149
0.01875,0.00275,283.0175
0.01925,0.00275,283.0202
0.01975,0.00275,283.0234
0.02025,0.00275,283.027
0.02075,0.00275,283.0311
0.02125,0.00275,283.0357
0.02175,0.00275,283.0407
0.02225,0.00275,283.0464
0.02275,0.00275,283.0528
0.02325,0.00275,283.0599
0.02375,0.00275,283.0677
0.02425,0.00275,283.0765
0.02475,0.00275,283.0862
0.02525,0.00275,283.0969
0.02575,0.00275,283.1088
0.02625,0.00275,283.1219
0.02675,0.00275,283.1364
0.02725,0.00275,283.1523
0.02775,0.00275,283.1699
0.02825,0.00275,283.1891
0.02875,0.00275,283.2103
0.02925,0.00275,283.2335
0.02975,0.00275,283.2588
0.03025,0.00275,283.2864
0.03075,0.00275,283.3166
0.03125,0.00275,283.3495
0.03175,0.00275,283.3853
0.03225,0.00275,283.4242
0.03275,0.00275,283.4664
0.03325,0.00275,283.5121
0.03375,0.00275,283.5616
0.03425,0.00275,283.615
0.03475,0.00275,283.6727
0.03525,0.00275,283.7349
0.03575,0.00275,283.8018
0.03625,0.00275,283.8739
0.03675,0.00275,283.9512
0.03725,0.00275,284.0342
0.03775,0.00275,284.123
0.03825,0.00275,284.218
0.03875,0.00275,284.3195
0.03925,0.00275,284.4277
0.03975,0.00275,284.5432
0.04025,0.00275,284.666
0.04075,0.00275,284.7966
0.04125,0.00275,284.9352
0.04175,0.00275,285.0822
0.04225,0.00275,285.238
0.04275,0.00275,285.4028
0.04325,0.00275,285.5769
0.04375,0.00275,285.7608
0.04425,0.00275,285.9547
0.04475,0.00275,286.1592
0.04525,0.00275,286.3745
0.04575,0.00275,286.6011
0.04625,0.00275,286.8394
0.04675,0.00275,287.0902
0.04725,0.00275,287.3537
0.04775,0.00275,287.6304
0.04825,0.00275,287.92
0.04875,0.00275,288.2202
0.04925,0.00275,288.5259
0.04975,0.00275,288.8263
0.00025,0.00325,282.9998
0.00075,0.00325,282.9998
0.00125,0.00325,282.9997
0.00175,0.00325,282.9997
0.00225,0.00325,282.9997
0.00275,0.00325,282.9997
0.00325,0.00325,282.9997
0.00375,0.00325,282.9996
0.00425,0.00325,282.9996
0.00475,0.00325,282.9995
0.00525,0.00325,282.9995
0.00575,0.00325,282.9994
0.00625,0.00325,282.9994
0.00675,0.00325,282.9994
0.00725,0.00325,282.9994
0.00775,0.00325,282.9994
0.00825,0.00325,282.9994
0.00875,0.00325,282.9995
0.00925,0.00325,282.9995
0.00975,0.00325,282.9996
0.01025,0.00325,282.9998
0.01075,0.00325,282.9999
0.01125,0.00325,283.0002
0.01175,0.00325,283.0005
0.01225,0.00325,283.0009
0.01275,0.00325,283.0013
0.01325,0.00325,283.0018
0.01375,0.00325,283.0025
0.01425,0.00325,283.0033
0.01475,0.00325,283.0041
0.01525,0.00325,283.0051
0.01575,0.00325,283.0063
0.01625,0.00325,283.0075
0.01675,0.00325,283.009
0.01725,0.00325,283.0107
0.01775,0.00325,283.0126
0.01825,0.00325,283.0149
0.01875,0.00325,283.0174
0.01925,0.00325,283.0202
0.01975,0.00325,283.0234
0.02025,0.00325,283.0269
0.02075,0.00325,283.031
0.02125,0.00325,283.0356
0.02175,0.00325,283.0406
0.02225,0.00325,283.0463
0.02275,0.00325,283.0526
0.02325,0.00325,283.0598
0.02375,0.00325,283.0676
0.02425,0.00325,283.0763
0.02475,0.00325,283.086
0.02525,0.00325,283.0967
0.02575,0.00325,283.1086
0.02625,0.00325,283.1217
0.02675,0.00325,283.1361
0.02725,0.00325,283.152
0.02775,0.00325,283.1696
0.02825,0.00325,283.1888
0.02875,0.00325,283.2099
0.02925,0.00325,283.233
0.02975,0.00325,283.2583
0.03025,0.00325,283.2859
0.03075,0.00325,283.3161
0.03125,0.00325,283.3489
0.03175,0.00325,283.3846
0.03225,0.00325,283.4235
0.03275,0.00325,283.4655
0.03325,0.00325,283.5111
0.03375,0.00325,283.5605
0.03425,0.00325,283.6139
0.03475,0.00325,283.6713
0.03525,0.00325,283.7335
0.03575,0.00325,283.8003
0.03625,0.00325,283.8722
0.03675,0.00325,283.9493
0.03725,0.00325,284.0321
0.03775,0.00325,284.1207
0.03825,0.00325,284.2155
0.03875,0.00325,284.3169
0.03925,0.00325,284.4249
0.03975,0.00325,284.54
0.04025,0.00325,284.6627
0.04075,0.00325,284.793
0.04125,0.00325,284.9314
0.04175,0.00325,285.0782
0.04225,0.00325,285.2337
0.04275,0.00325,285.3983
0.04325,0.00325,285.5723
0.04375,0.00325,285.756
0.04425,0.00325,285.95
0.04475,0.00325,286.1545
0.04525,0.00325,286.3701
0.04575,0.00325,286.5974
0.04625,0.00325,286.8371
0.04675,0.00325,287.0902
0.04725,0.00325,287.3576
0.04775,0.00325,287.6411
0.04825,0.00325,287.9417
0.04875,0.00325,288.2597
0.04925,0.00325,288.5897
0.04975,0.00325,288.9142
0.00025,0.00375,282.9997
0.00075,0.00375,282.9997
0.00125,0.00375,282.9997
0.00175,0.00375,282.9998
0.00225,0.00375,282.9998
0.00275,0.00375,282.9997
0.00325,0.00375,282.9997
0.00375,0.00375,282.9997
0.00425,0.00375,282.9997
0.00475,0.00375,282.9995
0.00525,0.00375,282.9995
0.00575,0.00375,282.9995
0.00625,0.00375,282.9995
0.00675,0.00375,282.9994
0.00725,0.00375,282.9994
0.00775,0.00375,282.9994
0.00825,0.00375,282.9994
0.00875,0.00375,282.9995
0.00925,0.00375,282.9995
0.00975,0.00375,282.9997
0.01025,0.00375,282.9998
0.01075,0.00375,283
0.01125,0.00375,283.0002
0.01175,0.00375,283.0005
0.01225,0.00375,283.0009
0.01275,0.00375,283.0013
0.01325,0.00375,283.0019
0.01375,0.00375,283.0025
0.01425,0.00375,283.0032
0.01475,0.00375,283.0041
0.01525,0.00375,283.0051
0.01575,0.00375,283.0063
0.01625,0.00375,283.0075
0.01675,0.00375,283.009
0.01725,0.00375,283.0107
0.01775,0.00375,283.0127
0.01825,0.00375,283.0148
0.01875,0.00375,283.0174
0.01925,0.00375,283.0201
0.01975,0.00375,283.0233
0.02025,0.00375,283.0269
0.02075,0.00375,283.0309
0.02125,0.00375,283.0355
0.02175,0.00375,283.0406
0.02225,0.00375,283.0462
0.02275,0.00375,283.0526
0.02325,0.00375,283.0596
0.02375,0.00375,283.0674
0.02425,0.00375,283.0761
0.02475,0.00375,283.0858
0.02525,0.00375,283.0965
0.02575,0.00375,283.1083
0.02625,0.00375,283.1215
0.02675,0.00375,283.1359
0.02725,0.00375,283.1518
0.02775,0.00375,283.1693
0.02825,0.00375,283.1885
0.02875,0.00375,283.2095
0.02925,0.00375,283.2327
0.02975,0.00375,283.2578
0.03025,0.00375,283.2854
0.03075,0.00375,283.3156
0.03125,0.00375,283.3483
0.03175,0.00375,283.3839
0.03225,0.00375,283.4226
0.03275,0.00375,283.4646
0.03325,0.00375,283.5101
0.03375,0.00375,283.5594
0.03425,0.00375,283.6126
0.03475,0.00375,283.67
0.03525,0.00375,283.7318
0.03575,0.00375,283.7985
0.03625,0.00375,283.8701
0.03675,0.00375,283.9471
0.03725,0.00375,284.0297
0.03775,0.00375,284.1181
0.03825,0.00375,284.2127
0.03875,0.00375,284.3137
0.03925,0.00375,284.4215
0.03975,0.00375,284.5365
0.04025,0.00375,284.6588
0.04075,0.00375,284.7888
0.04125,0.00375,284.9269
0.04175,0.00375,285.0735
0.04225,0.00375,285.2286
0.04275,0.00375,285.3929
0.04325,0.00375,285.5666
0.04375,0.00375,285.7501
0.04425,0.00375,285.9439
0.04475,0.00375,286.1483
0.04525,0.00375,286.3639
0.04575,0.00375,286.5914
0.04625,0.00375,286.8317
0.04675,0.00375,287.086
0.04725,0.00375,287.3562
0.04775,0.00375,287.6451
0.04825,0.00375,287.9573
0.04875,0.00375,288.298
0.04925,0.00375,288.6703
0.04975,0.00375,289.0555
0.00025,0.00425,282.9997
0.00075,0.00425,282.9994
0.00125,0.00425,282.9995
0.00175,0.00425,282.9991
0.00225,0.00425,282.9994
0.00275,0.00425,282.9991
0.00325,0.00425,282.9994
0.00375,0.00425,282.9994
0.00425,0.00425,282.9995
0.00475,0.00425,282.9991
0.00525,0.00425,282.9991
0.00575,0.00425,282.9989
0.00625,0.00425,282.9987
0.00675,0.00425,282.9987
0.00725,0.00425,282.9989
0.00775,0.00425,282.9989
0.00825,0.00425,282.9982
0.00875,0.00425,282.998
0.00925,0.00425,282.9982
0.00975,0.00425,282.9982
0.01025,0.00425,282.9982
0.01075,0.00425,282.9981
0.01125,0.00425,282.9984
0.01175,0.00425,282.9986
0.01225,0.00425,282.9987
0.01275,0.00425,282.9988
0.01325,0.00425,282.9992
0.01375,0.00425,282.9995
0.01425,0.00425,282.9999
0.01475,0.00425,283.0004
0.01525,0.00425,283.0011
0.01575,0.00425,283.0016
0.01625,0.00425,283.0023
0.01675,0.00425,283.0035
0.01725,0.00425,283.0048
0.01775,0.00425,283.0061
0.01825,0.00425,283.0074
0.01875,0.00425,283.0091
0.01925,0.00425,283.0111
0.01975,0.00425,283.0132
0.02025,0.00425,283.016
0.02075,0.00425,283.0187
0.02125,0.00425,283.022
0.02175,0.00425,283.0252
0.02225,0.00425,283.0293
0.02275,0.00425,283.0336
0.02325,0.00425,283.0385
0.02375,0.00425,283.0439
0.02425,0.00425,283.0502
0.02475,0.00425,283.0572
0.02525,0.00425,283.0652
0.02575,0.00425,283.0737
0.02625,0.00425,283.0837
0.02675,0.00425,283.0945
0.02725,0.00425,283.1064
0.02775,0.00425,283.1194
0.02825,0.00425,283.1339
0.02875,0.00425,283.1496
0.02925,0.00425,283.1668
0.02975,0.00425,283.1851
0.03025,0.00425,283.205
0.03075,0.00425,283.226
0.03125,0.00425,283.2488
0.03175,0.00425,283.273
0.03225,0.00425,283.2987
0.03275,0.00425,283.3263
0.03325,0.00425,283.3559
0.03375,0.00425,283.3875
0.03425,0.00425,283.4208
0.03475,0.00425,283.4569
0.03525,0.00425,283.4954
0.03575,0.00425,283.5372
0.03625,0.00425,283.582
0.03675,0.00425,283.6302
0.03725,0.00425,283.6822
0.03775,0.00425,283.738
0.03825,0.00425,283.7981
0.03875,0.00425,283.8629
0.03925,0.00425,283.9325
0.03975,0.00425,284.0069
0.04025,0.00425,284.0872
0.04075,0.00425,284.1734
0.04125,0.00425,284.2663
0.04175,0.00425,284.3653
0.04225,0.00425,284.4715
0.04275,0.00425,284.5853
0.04325,0.00425,284.7068
0.04375,0.00425,284.8363
0.04425,0.00425,284.9747
0.04475,0.00425,285.1225
0.04525,0.00425,285.2803
0.04575,0.00425,285.4492
0.04625,0.00425,285.6316
0.04675,0.00425,285.8378
0.04725,0.00425,286.1064
0.04775,0.00425,286.5717
0.04825,0.00425,287.6625
0.04875,0.00425,290.6127
0.04925,0.00425,298.7953
0.04975,0.00425,321.9586
0.00025,0.00475,283
0.00075,0.00475,282.9996
0.00125,0.00475,282.9996
0.00175,0.00475,282.9996
0.00225,0.00475,282.9996
0.00275,0.00475,282.9996
0.00325,0.00475,282.9996
0.00375,0.00475,282.9996
0.00425,0.00475,282.9996
0.00475,0.00475,282.9997
0.00525,0.00475,282.9997
0.00575,0.00475,282.9997
0.00625,0.00475,282.9993
0.00675,0.00475,282.9993
0.00725,0.00475,282.9999
0.00775,0.00475,283
0.00825,0.00475,282.9997
0.00875,0.00475,282.9998
0.00925,0.00475,283.0001
0.00975,0.00475,283.0003
0.01025,0.00475,283.0006
0.01075,0.00475,283.0009
0.01125,0.00475,283.0014
0.01175,0.00475,283.002
0.01225,0.00475,283.0027
0.01275,0.00475,283.0035
0.01325,0.00475,283.0044
0.01375,0.00475,283.0054
0.01425,0.00475,283.0067
0.01475,0.00475,283.008
0.01525,0.00475,283.0095
0.01575,0.00475,283.0112
0.01625,0.00475,283.0132
0.01675,0.00475,283.0156
0.01725,0.00475,283.0184
0.01775,0.00475,283.0213
0.01825,0.00475,283.0246
0.01875,0.00475,283.0284
0.01925,0.00475,283.0328
0.01975,0.00475,283.0375
0.02025,0.00475,283.0429
0.02075,0.00475,283.049
0.02125,0.00475,283.0558
0.02175,0.00475,283.0631
0.02225,0.00475,283.0715
0.02275,0.00475,283.0808
0.02325,0.00475,283.0911
0.02375,0.00475,283.1025
0.02425,0.00475,283.1153
0.02475,0.00475,283.1293
0.02525,0.00475,283.1448
0.02575,0.00475,283.1618
0.02625,0.00475,283.1808
0.02675,0.00475,283.2011
0.02725,0.00475,283.2233
0.02775,0.00475,283.247
0.02825,0.00475,283.2725
0.02875,0.00475,283.2995
0.02925,0.00475,283.3279
0.02975,0.00475,283.3572
0.03025,0.00475,283.3875
0.03075,0.00475,283.4179
0.03125,0.00475,283.4486
0.03175,0.00475,283.4791
0.03225,0.00475,283.5092
0.03275,0.00475,283.5392
0.03325,0.00475,283.5687
0.03375,0.00475,283.5978
0.03425,0.00475,283.6266
0.03475,0.00475,283.6553
0.03525,0.00475,283.6842
0.03575,0.00475,283.7137
0.03625,0.00475,283.7435
0.03675,0.00475,283.7743
0.03725,0.00475,283.8062
0.03775,0.00475,283.8393
0.03825,0.00475,283.8741
0.03875,0.00475,283.9108
0.03925,0.00475,283.9499
0.03975,0.00475,283.9913
0.04025,0.00475,284.0358
0.04075,0.00475,284.0835
0.04125,0.00475,284.1346
0.04175,0.00475,284.1899
0.04225,0.00475,284.2495
0.04275,0.00475,284.3138
0.04325,0.00475,284.3832
0.04375,0.00475,284.4581
0.04425,0.00475,284.539
0.04475,0.00475,284.6267
0.04525,0.00475,284.7219
0.04575,0.00475,284.8258
0.04625,0.00475,284.9442
0.04675,0.00475,285.0988
0.04725,0.00475,285.3761
0.04775,0.00475,286.0793
0.04825,0.00475,288.1452
0.04875,0.00475,294.0742
0.04925,0.00475,309.5608
0.04975,0.00475,345.438
0.00025,0.00525,283.0011
0.00075,0.00525,283.0005
0.00125,0.00525,283.0003
0.00175,0.00525,283.0003
0.00225,0.00525,283.0004
0.00275,0.00525,283.0005
0.00325,0.00525,283.0008
0.00375,0.00525,283.001
0.00425,0.00525,283.0013
0.00475,0.00525,283.0018
0.00525,0.00525,283.0022
0.00575,0.00525,283.0026
0.00625,0.00525,283.0032
0.00675,0.00525,283.0038
0.00725,0.00525,283.0047
0.00775,0.00525,283.0056
0.00825,0.00525,283.0065
0.00875,0.00525,283.0077
0.00925,0.00525,283.0091
0.00975,0.00525,283.0106
0.01025,0.00525,283.0124
0.01075,0.00525,283.0144
0.01125,0.00525,283.0167
0.01175,0.00525,283.0194
0.01225,0.00525,283.0224
0.01275,0.00525,283.0257
0.01325,0.00525,283.0295
0.01375,0.00525,283.0338
0.01425,0.00525,283.0387
0.01475,0.00525,283.0439
0.01525,0.00525,283.05
0.01575,0.00525,283.0566
0.01625,0.00525,283.0641
0.01675,0.00525,283.0726
0.01725,0.00525,283.0822
0.01775,0.00525,283.0925
0.01825,0.00525,283.1041
0.01875,0.00525,283.1172
0.01925,0.00525,283.1315
0.01975,0.00525,283.1474
0.02025,0.00525,283.1651
0.02075,0.00525,283.1845
0.02125,0.00525,283.2061
0.02175,0.00525,283.2297
0.02225,0.00525,283.2558
0.02275,0.00525,283.2844
0.02325,0.00525,283.3158
0.02375,0.00525,283.35
0.02425,0.00525,283.3874
0.02475,0.00525,283.4283
0.02525,0.00525,283.4729
0.02575,0.00525,283.5212
0.02625,0.00525,283.5734
0.02675,0.00525,283.6299
0.02725,0.00525,283.6902
0.02775,0.00525,283.7545
0.02825,0.00525,283.8225
0.02875,0.00525,283.8939
0.02925,0.00525,283.9679
0.02975,0.00525,284.0439
0.03025,0.00525,284.1209
0.03075,0.00525,284.198
0.03125,0.00525,284.2745
0.03175,0.00525,284.3493
0.03225,0.00525,284.422
0.03275,0.00525,284.4923
0.03325,0.00525,284.56
0.03375,0.00525,284.6251
0.03425,0.00525,284.6874
0.03475,0.00525,284.7474
0.03525,0.00525,284.8054
0.03575,0.00525,284.8615
0.03625,0.00525,284.9161
0.03675,0.00525,284.9698
0.03725,0.00525,285.0225
0.03775,0.00525,285.0749
0.03825,0.00525,285.1274
0.03875,0.00525,285.1803
0.03925,0.00525,285.2341
0.03975,0.00525,285.289
0.04025,0.00525,285.3457
0.04075,0.00525,285.4044
0.04125,0.00525,285.4656
0.04175,0.00525,285.53
0.04225,0.00525,285.5977
0.04275,0.00525,285.6694
0.04325,0.00525,285.7454
0.04375,0.00525,285.8261
0.04425,0.00525,285.9125
0.04475,0.00525,286.0047
0.04525,0.00525,286.1039
0.04575,0.00525,286.2113
0.04625,0.00525,286.3326
0.04675,0.00525,286.49
0.04725,0.00525,286.7695
0.04775,0.00525,287.4743
0.04825,0.00525,289.5416
0.04875,0.00525,295.4713
0.04925,0.00525,310.9572
0.04975,0.00525,346.8293
0.00025,0.00575,283.0065
0.00075,0.00575,283.0066
0.00125,0.00575,283.0067
0.00175,0.00575,283.007
0.00225,0.00575,283.0078
0.00275,0.00575,283.0086
0.00325,0.00575,283.0096
0.00375,0.00575,283.0108
0.00425,0.00575,283.0123
0.00475,0.00575,283.014
0.00525,0.00575,283.016
0.00575,0.00575,283.0183
0.00625,0.00575,283.021
0.00675,0.00575,283.0241
0.00725,0.00575,283.0275
0.00775,0.00575,283.0314
0.00825,0.00575,283.0358
0.00875,0.00575,283.0408
0.00925,0.00575,283.0465
0.00975,0.00575,283.0529
0.01025,0.00575,283.06
0.01075,0.00575,283.0679
0.01125,0.00575,283.0768
0.01175,0.00575,283.0867
0.01225,0.00575,283.0978
0.01275,0.00575,283.1102
0.01325,0.00575,283.1239
0.01375,0.00575,283.1392
0.01425,0.00575,283.1561
0.01475,0.00575,283.1747
0.01525,0.00575,283.1953
0.01575,0.00575,283.218
0.01625,0.00575,283.2432
0.01675,0.00575,283.271
0.01725,0.00575,283.3014
0.01775,0.00575,283.3348
0.01825,0.00575,283.3715
0.01875,0.00575,283.4117
0.01925,0.00575,283.4556
0.01975,0.00575,283.5036
0.02025,0.00575,283.5561
0.02075,0.00575,283.6132
0.02125,0.00575,283.6755
0.02175,0.00575,283.7431
0.02225,0.00575,283.8167
0.02275,0.00575,283.8962
0.02325,0.00575,283.9823
0.02375,0.00575,284.0754
0.02425,0.00575,284.1759
0.02475,0.00575,284.2842
0.02525,0.00575,284.4008
0.02575,0.00575,284.5256
0.02625,0.00575,284.6592
0.02675,0.00575,284.8017
0.02725,0.00575,284.9529
0.02775,0.00575,285.1127
0.02825,0.00575,285.2807
0.02875,0.00575,285.4558
0.02925,0.00575,285.6368
0.02975,0.00575,285.8222
0.03025,0.00575,286.0099
0.03075,0.00575,286.1979
0.03125,0.00575,286.3846
0.03175,0.00575,286.5682
0.03225,0.00575,286.7473
0.03275,0.00575,286.9216
0.03325,0.00575,287.0903
0.03375,0.00575,287.2533
0.03425,0.00575,287.4105
0.03475,0.00575,287.5625
0.03525,0.00575,287.7097
0.03575,0.00575,287.8524
0.03625,0.00575,287.9914
0.03675,0.00575,288.1269
0.03725,0.00575,288.2596
0.03775,0.00575,288.3903
0.03825,0.00575,288.5197
0.03875,0.00575,288.6481
0.03925,0.00575,288.7764
0.03975,0.00575,288.9052
0.04025,0.00575,289.035
0.04075,0.00575,289.1667
0.04125,0.00575,289.3006
0.04175,0.00575,289.4376
0.04225,0.00575,289.5783
0.04275,0.00575,289.723
0.04325,0.00575,289.8726
0.04375,0.00575,290.0276
0.04425,0.00575,290.1888
0.04475,0.00575,290.3568
0.04525,0.00575,290.5323
0.04575,0.00575,290.7165
0.04625,0.00575,290.9127
0.04675,0.00575,291.1308
0.04725,0.00575,291.4092
0.04775,0.00575,291.8824
0.04825,0.00575,292.979
0.04875,0.00575,295.9327
0.04925,0.00575,304.1163
0.04975,0.00575,327.2694
0.00025,0.00625,283.0211
0.00075,0.00625,283.0215
0.00125,0.00625,283.0223
0.00175,0.00625,283.0235
0.00225,0.00625,283.0251
0.00275,0.00625,283.0273
0.00325,0.00625,283.0298
0.00375,0.00625,283.0329
0.00425,0.00625,283.0366
0.00475,0.00625,283.0409
0.00525,0.00625,283.0458
0.00575,0.00625,283.0514
0.00625,0.00625,283.0578
0.00675,0.00625,283.0651
0.00725,0.00625,283.0732
0.00775,0.00625,283.0823
0.00825,0.00625,283.0925
0.00875,0.00625,283.1039
0.00925,0.00625,283.1166
0.00975,0.00625,283.1307
0.01025,0.00625,283.1463
0.01075,0.00625,283.1637
0.01125,0.00625,283.1829
0.01175,0.00625,283.2042
0.01225,0.00625,283.2275
0.01275,0.00625,283.2533
0.01325,0.00625,283.2815
0.01375,0.00625,283.3126
0.01425,0.00625,283.3467
0.01475,0.00625,283.3841
0.01525,0.00625,283.4249
0.01575,0.00625,283.4694
0.01625,0.00625,283.518
0.01675,0.00625,283.5711
0.01725,0.00625,283.6288
0.01775,0.00625,283.6915
0.01825,0.00625,283.7596
0.01875,0.00625,283.8334
0.01925,0.00625,283.9135
0.01975,0.00625,284.0001
0.02025,0.00625,284.0936
0.02075,0.00625,284.1947
0.02125,0.00625,284.3036
0.02175,0.00625,284.4208
0.02225,0.00625,284.547
0.02275,0.00625,284.6825
0.02325,0.00625,284.8279
0.02375,0.00625,284.9836
0.02425,0.00625,285.1503
0.02475,0.00625,285.3283
0.02525,0.00625,285.5182
0.02575,0.00625,285.7202
0.02625,0.00625,285.9348
0.02675,0.00625,286.162
0.02725,0.00625,286.4019
0.02775,0.00625,286.6541
0.02825,0.00625,286.9177
0.02875,0.00625,287.1917
0.02925,0.00625,287.4743
0.02975,0.00625,287.7634
0.03025,0.00625,288.0563
0.03075,0.00625,288.3502
0.03125,0.00625,288.6425
0.03175,0.00625,288.931
0.03225,0.00625,289.2141
0.03275,0.00625,289.4905
0.03325,0.00625,289.7598
0.03375,0.00625,290.0216
0.03425,0.00625,290.276
0.03475,0.00625,290.5234
0.03525,0.00625,290.7641
0.03575,0.00625,290.9987
0.03625,0.00625,291.2278
0.03675,0.00625,291.4521
0.03725,0.00625,291.6723
0.03775,0.00625,291.889
0.03825,0.00625,292.1031
0.03875,0.00625,292.3154
0.03925,0.00625,292.5264
0.03975,0.00625,292.737
0.04025,0.00625,292.9477
0.04075,0.00625,293.1595
0.04125,0.00625,293.3728
0.04175,0.00625,293.5884
0.04225,0.00625,293.8069
0.04275,0.00625,294.0291
0.04325,0.00625,294.2555
0.04375,0.00625,294.4868
0.04425,0.00625,294.7236
0.04475,0.00625,294.9667
0.04525,0.00625,295.2169
0.04575,0.00625,295.4749
0.04625,0.00625,295.7417
0.04675,0.00625,296.0189
0.04725,0.00625,296.3083
0.04775,0.00625,296.6132
0.04825,0.00625,296.9378
0.04875,0.00625,297.2878
0.04925,0.00625,297.666
0.04975,0.00625,298.0542
0.00025,0.00675,283.0212
0.00075,0.00675,283.0216
0.00125,0.00675,283.0224
0.00175,0.00675,283.0236
0.00225,0.00675,283.0253
0.00275,0.00675,283.0274
0.00325,0.00675,283.03
0.00375,0.00675,283.033
0.00425,0.00675,283.0367
0.00475,0.00675,283.041
0.00525,0.00675,283.046
0.00575,0.00675,283.0516
0.00625,0.00675,283.0581
0.00675,0.00675,283.0653
0.00725,0.00675,283.0735
0.00775,0.00675,283.0826
0.00825,0.00675,283.0929
0.00875,0.00675,283.1043
0.00925,0.00675,283.1171
0.00975,0.00675,283.1312
0.01025,0.00675,283.1469
0.01075,0.00675,283.1644
0.01125,0.00675,283.1836
0.01175,0.00675,283.2049
0.01225,0.00675,283.2284
0.01275,0.00675,283.2542
0.01325,0.00675,283.2825
0.01375,0.00675,283.3137
0.01425,0.00675,283.3479
0.01475,0.00675,283.3855
0.01525,0.00675,283.4264
0.01575,0.00675,283.4711
0.01625,0.00675,283.5199
0.01675,0.00675,283.5731
0.01725,0.00675,283.631
0.01775,0.00675,283.6939
0.01825,0.00675,283.7622
0.01875,0.00675,283.8363
0.01925,0.00675,283.9166
0.01975,0.00675,284.0034
0.02025,0.00675,284.0973
0.02075,0.00675,284.1986
0.02125,0.00675,284.3079
0.02175,0.00675,284.4255
0.02225,0.00675,284.552
0.02275,0.00675,284.688
0.02325,0.00675,284.8338
0.02375,0.00675,284.99
0.02425,0.00675,285.1573
0.02475,0.00675,285.3359
0.02525,0.00675,285.5266
0.02575,0.00675,285.7295
0.02625,0.00675,285.9452
0.02675,0.00675,286.1738
0.02725,0.00675,286.4152
0.02775,0.00675,286.6695
0.02825,0.00675,286.9357
0.02875,0.00675,287.2128
0.02925,0.00675,287.4992
0.02975,0.00675,287.7924
0.03025,0.00675,288.0896
0.03075,0.00675,288.3876
0.03125,0.00675,288.6836
0.03175,0.00675,288.9753
0.03225,0.00675,289.261
0.03275,0.00675,289.5396
0.03325,0.00675,289.8106
0.03375,0.00675,290.0738
0.03425,0.00675,290.3295
0.03475,0.00675,290.5779
0.03525,0.00675,290.8194
0.03575,0.00675,291.0548
0.03625,0.00675,291.2846
0.03675,0.00675,291.5096
0.03725,0.00675,291.7305
0.03775,0.00675,291.9479
0.03825,0.00675,292.1626
0.03875,0.00675,292.3754
0.03925,0.00675,292.587
0.03975,0.00675,292.7982
0.04025,0.00675,293.0095
0.04075,0.00675,293.2217
0.04125,0.00675,293.4356
0.04175,0.00675,293.6517
0.04225,0.00675,293.8707
0.04275,0.00675,294.0933
0.04325,0.00675,294.3202
0.04375,0.00675,294.5519
0.04425,0.00675,294.7891
0.04475,0.00675,295.0325
0.04525,0.00675,295.2827
0.04575,0.00675,295.5406
0.04625,0.00675,295.8069
0.04675,0.00675,296.0829
0.04725,0.00675,296.3698
0.04775,0.00675,296.6692
0.04825,0.00675,296.9824
0.04875,0.00675,297.3096
0.04925,0.00675,297.6457
0.04975,0.00675,297.9729
0.00025,0.00725,283.0213
0.00075,0.00725,283.0217
0.00125,0.00725,283.0225
0.00175,0.00725,283.0237
0.00225,0.00725,283.0253
0.00275,0.00725,283.0275
0.00325,0.00725,283.03
0.00375,0.00725,283.0331
0.00425,0.00725,283.0368
0.00475,0.00725,283.0411
0.00525,0.00725,283.0461
0.00575,0.00725,283.0517
0.00625,0.00725,283.0581
0.00675,0.00725,283.0655
0.00725,0.00725,283.0737
0.00775,0.00725,283.0829
0.00825,0.00725,283.0931
0.00875,0.00725,283.1046
0.00925,0.00725,283.1174
0.00975,0.00725,283.1316
0.01025,0.00725,283.1473
0.01075,0.00725,283.1649
0.01125,0.00725,283.1842
0.01175,0.00725,283.2056
0.01225,0.00725,283.2292
0.01275,0.00725,283.255
0.01325,0.00725,283.2834
0.01375,0.00725,283.3148
0.01425,0.00725,283.3491
0.01475,0.00725,283.3866
0.01525,0.00725,283.4277
0.01575,0.00725,283.4725
0.01625,0.00725,283.5215
0.01675,0.00725,283.5748
0.01725,0.00725,283.6328
0.01775,0.00725,283.696
0.01825,0.00725,283.7645
0.01875,0.00725,283.8387
0.01925,0.00725,283.9192
0.01975,0.00725,284.0063
0.02025,0.00725,284.1004
0.02075,0.00725,284.202
0.02125,0.00725,284.3115
0.02175,0.00725,284.4294
0.02225,0.00725,284.5564
0.02275,0.00725,284.6927
0.02325,0.00725,284.839
0.02375,0.00725,284.9957
0.02425,0.00725,285.1635
0.02475,0.00725,285.343
0.02525,0.00725,285.5345
0.02575,0.00725,285.7386
0.02625,0.00725,285.9558
0.02675,0.00725,286.1863
0.02725,0.00725,286.4302
0.02775,0.00725,286.6878
0.02825,0.00725,286.9584
0.02875,0.00725,287.2411
0.02925,0.00725,287.5341
0.02975,0.00725,287.8351
0.03025,0.00725,288.1404
0.03075,0.00725,288.4461
0.03125,0.00725,288.7488
0.03175,0.00725,289.0461
0.03225,0.00725,289.3362
0.03275,0.00725,289.6182
0.03325,0.00725,289.8918
0.03375,0.00725,290.1571
0.03425,0.00725,290.4143
0.03475,0.00725,290.6639
0.03525,0.00725,290.9065
0.03575,0.00725,291.1428
0.03625,0.00725,291.3733
0.03675,0.00725,291.599
0.03725,0.00725,291.8204
0.03775,0.00725,292.0384
0.03825,0.00725,292.2536
0.03875,0.00725,292.4669
0.03925,0.00725,292.6791
0.03975,0.00725,292.8906
0.04025,0.00725,293.1024
0.04075,0.00725,293.3152
0.04125,0.00725,293.5294
0.04175,0.00725,293.746
0.04225,0.00725,293.9654
0.04275,0.00725,294.1884
0.04325,0.00725,294.4155
0.04375,0.00725,294.6475
0.04425,0.00725,294.8849
0.04475,0.00725,295.1282
0.04525,0.00725,295.3782
0.04575,0.00725,295.6354
0.04625,0.00725,295.9005
0.04675,0.00725,296.1744
0.04725,0.00725,296.4574
0.04775,0.00725,296.7501
0.04825,0.00725,297.0522
0.04875,0.00725,297.3618
0.04925,0.00725,297.6735
0.04975,0.00725,297.9767
0.00025,0.00775,283.0214
0.00075,0.00775,283.0218
0.00125,0.00775,283.0226
0.00175,0.00775,283.0238
0.00225,0.00775,283.0255
0.00275,0.00775,283.0276
0.00325,0.00775,283.0302
0.00375,0.00775,283.0333
0.00425,0.00775,283.037
0.00475,0.00775,283.0413
0.00525,0.00775,283.0463
0.00575,0.00775,283.052
0.00625,0.00775,283.0584
0.00675,0.00775,283.0657
0.00725,0.00775,283.0739
0.00775,0.00775,283.0831
0.00825,0.00775,283.0935
0.00875,0.00775,283.105
0.00925,0.00775,283.1178
0.00975,0.00775,283.1321
0.01025,0.00775,283.1479
0.01075,0.00775,283.1654
0.01125,0.00775,283.1848
0.01175,0.00775,283.2062
0.01225,0.00775,283.2298
0.01275,0.00775,283.2558
0.01325,0.00775,283.2843
0.01375,0.00775,283.3157
0.01425,0.00775,283.35
0.01475,0.00775,283.3878
0.01525,0.00775,283.4289
0.01575,0.00775,283.4738
0.01625,0.00775,283.5229
0.01675,0.00775,283.5764
0.01725,0.00775,283.6346
0.01775,0.00775,283.6978
0.01825,0.00775,283.7664
0.01875,0.00775,283.8409
0.01925,0.00775,283.9215
0.01975,0.00775,284.0088
0.02025,0.00775,284.103
0.02075,0.00775,284.2048
0.02125,0.00775,284.3147
0.02175,0.00775,284.4329
0.02225,0.00775,284.5601
0.02275,0.00775,284.6968
0.02325,0.00775,284.8434
0.02375,0.00775,285.0008
0.02425,0.00775,285.1692
0.02475,0.00775,285.3494
0.02525,0.00775,285.5418
0.02575,0.00775,285.7473
0.02625,0.00775,285.9662
0.02675,0.00775,286.1991
0.02725,0.00775,286.4464
0.02775,0.00775,286.7082
0.02825,0.00775,286.9848
0.02875,0.00775,287.2755
0.02925,0.00775,287.5784
0.02975,0.00775,287.8912
0.03025,0.00775,288.2091
0.03075,0.00775,288.5268
0.03125,0.00775,288.8395
0.03175,0.00775,289.1447
0.03225,0.00775,289.4408
0.03275,0.00775,289.7272
0.03325,0.00775,290.0042
0.03375,0.00775,290.2719
0.03425,0.00775,290.5309
0.03475,0.00775,290.7819
0.03525,0.00775,291.0256
0.03575,0.00775,291.2627
0.03625,0.00775,291.494
0.03675,0.00775,291.7202
0.03725,0.00775,291.9422
0.03775,0.00775,292.1608
0.03825,0.00775,292.3764
0.03875,0.00775,292.5902
0.03925,0.00775,292.8027
0.03975,0.00775,293.0147
0.04025,0.00775,293.2269
0.04075,0.00775,293.4401
0.04125,0.00775,293.6547
0.04175,0.00775,293.8716
0.04225,0.00775,294.0912
0.04275,0.00775,294.3144
0.04325,0.00775,294.5418
0.04375,0.00775,294.7739
0.04425,0.00775,295.0113
0.04475,0.00775,295.2544
0.04525,0.00775,295.5039
0.04575,0.00775,295.7602
0.04625,0.00775,296.0239
0.04675,0.00775,296.295
0.04725,0.00775,296.574
0.04775,0.00775,296.8606
0.04825,0.00775,297.1537
0.04875,0.00775,297.4513
0.04925,0.00775,297.7492
0.04975,0.00775,298.0417
0.00025,0.00825,283.0215
0.00075,0.00825,283.0219
0.00125,0.00825,283.0227
0.00175,0.00825,283.0238
0.00225,0.00825,283.0255
0.00275,0.00825,283.0276
0.00325,0.00825,283.0303
0.00375,0.00825,283.0334
0.00425,0.00825,283.0371
0.00475,0.00825,283.0415
0.00525,0.00825,283.0464
0.00575,0.00825,283.0522
0.00625,0.00825,283.0586
0.00675,0.00825,283.0659
0.00725,0.00825,283.0742
0.00775,0.00825,283.0834
0.00825,0.00825,283.0938
0.00875,0.00825,283.1053
0.00925,0.00825,283.1181
0.00975,0.00825,283.1324
0.01025,0.00825,283.1483
0.01075,0.00825,283.1659
0.01125,0.00825,283.1853
0.01175,0.00825,283.2068
0.01225,0.00825,283.2304
0.01275,0.00825,283.2564
0.01325,0.00825,283.285
0.01375,0.00825,283.3164
0.01425,0.00825,283.3509
0.01475,0.00825,283.3886
0.01525,0.00825,283.4299
0.01575,0.00825,283.4749
0.01625,0.00825,283.524
0.01675,0.00825,283.5775
0.01725,0.00825,283.6359
0.01775,0.00825,283.6992
0.01825,0.00825,283.768
0.01875,0.00825,283.8425
0.01925,0.00825,283.9233
0.01975,0.00825,284.0108
0.02025,0.00825,284.1052
0.02075,0.00825,284.2073
0.02125,0.00825,284.3172
0.02175,0.00825,284.4356
0.02225,0.00825,284.5631
0.02275,0.00825,284.7002
0.02325,0.00825,284.8472
0.02375,0.00825,285.005
0.02425,0.00825,285.174
0.02475,0.00825,285.3549
0.02525,0.00825,285.5484
0.02575,0.00825,285.7552
0.02625,0.00825,285.9759
0.02675,0.00825,286.2113
0.02725,0.00825,286.4622
0.02775,0.00825,286.7292
0.02825,0.00825,287.013
0.02875,0.00825,287.3136
0.02925,0.00825,287.6302
0.02975,0.00825,287.96
0.03025,0.00825,288.2968
0.03075,0.00825,288.6314
0.03125,0.00825,288.9577
0.03175,0.00825,289.2729
0.03225,0.00825,289.5763
0.03275,0.00825,289.8679
0.03325,0.00825,290.1485
0.03375,0.00825,290.4188
0.03425,0.00825,290.6796
0.03475,0.00825,290.9321
0.03525,0.00825,291.1768
0.03575,0.00825,291.4147
0.03625,0.00825,291.6467
0.03675,0.00825,291.8735
0.03725,0.00825,292.0959
0.03775,0.00825,292.3149
0.03825,0.00825,292.531
0.03875,0.00825,292.7451
0.03925,0.00825,292.958
0.03975,0.00825,293.1703
0.04025,0.00825,293.3828
0.04075,0.00825,293.5962
0.04125,0.00825,293.8111
0.04175,0.00825,294.0283
0.04225,0.00825,294.2482
0.04275,0.00825,294.4716
0.04325,0.00825,294.699
0.04375,0.00825,294.9312
0.04425,0.00825,295.1684
0.04475,0.00825,295.4113
0.04525,0.00825,295.6602
0.04575,0.00825,295.9156
0.04625,0.00825,296.1776
0.04675,0.00825,296.4463
0.04725,0.00825,296.7217
0.04775,0.00825,297.0033
0.04825,0.00825,297.2899
0.04875,0.00825,297.5796
0.04925,0.00825,297.8697
0.04975,0.00825,298.1568
0.00025,0.00875,283.0215
0.00075,0.00875,283.0219
0.00125,0.00875,283.0227
0.00175,0.00875,283.024
0.00225,0.00875,283.0256
0.00275,0.00875,283.0277
0.00325,0.00875,283.0304
0.00375,0.00875,283.0335
0.00425,0.00875,283.0372
0.00475,0.00875,283.0416
0.00525,0.00875,283.0465
0.00575,0.00875,283.0522
0.00625,0.00875,283.0588
0.00675,0.00875,283.0661
0.00725,0.00875,283.0744
0.00775,0.00875,283.0836
0.00825,0.00875,283.0939
0.00875,0.00875,283.1055
0.00925,0.00875,283.1184
0.00975,0.00875,283.1327
0.01025,0.00875,283.1486
0.01075,0.00875,283.1663
0.01125,0.00875,283.1856
0.01175,0.00875,283.2072
0.01225,0.00875,283.2307
0.01275,0.00875,283.2569
0.01325,0.00875,283.2856
0.01375,0.00875,283.317
0.01425,0.00875,283.3515
0.01475,0.00875,283.3893
0.01525,0.00875,283.4306
0.01575,0.00875,283.4758
0.01625,0.00875,283.525
0.01675,0.00875,283.5786
0.01725,0.00875,283.6369
0.01775,0.00875,283.7003
0.01825,0.00875,283.7692
0.01875,0.00875,283.8439
0.01925,0.00875,283.9248
0.01975,0.00875,284.0123
0.02025,0.00875,284.1069
0.02075,0.00875,284.209
0.02125,0.00875,284.3192
0.02175,0.00875,284.4378
0.02225,0.00875,284.5655
0.02275,0.00875,284.7027
0.02325,0.00875,284.8501
0.02375,0.00875,285.0083
0.02425,0.00875,285.1778
0.02475,0.00875,285.3593
0.02525,0.00875,285.5537
0.02575,0.00875,285.7616
0.02625,0.00875,285.9841
0.02675,0.00875,286.2219
0.02725,0.00875,286.4763
0.02775,0.00875,286.7485
0.02825,0.00875,287.0401
0.02875,0.00875,287.3523
0.02925,0.00875,287.686
0.02975,0.00875,288.0395
0.03025,0.00875,288.4051
0.03075,0.00875,288.7635
0.03125,0.00875,289.1068
0.03175,0.00875,289.4337
0.03225,0.00875,289.7448
0.03275,0.00875,290.0416
0.03325,0.00875,290.3257
0.03375,0.00875,290.5985
0.03425,0.00875,290.8611
0.03475,0.00875,291.1148
0.03525,0.00875,291.3605
0.03575,0.00875,291.5991
0.03625,0.00875,291.8316
0.03675,0.00875,292.0589
0.03725,0.00875,292.2818
0.03775,0.00875,292.5009
0.03825,0.00875,292.7174
0.03875,0.00875,292.9319
0.03925,0.00875,293.1449
0.03975,0.00875,293.3575
0.04025,0.00875,293.5703
0.04075,0.00875,293.7838
0.04125,0.00875,293.9989
0.04175,0.00875,294.2163
0.04225,0.00875,294.4364
0.04275,0.00875,294.6599
0.04325,0.00875,294.8874
0.04375,0.00875,295.1195
0.04425,0.00875,295.3566
0.04475,0.00875,295.5992
0.04525,0.00875,295.8475
0.04575,0.00875,296.1019
0.04625,0.00875,296.3626
0.04675,0.00875,296.6294
0.04725,0.00875,296.902
0.04775,0.00875,297.18
0.04825,0.00875,297.462
0.04875,0.00875,297.7468
0.04925,0.00875,298.0323
0.04975,0.00875,298.3166
0.00025,0.00925,283.0215
0.00075,0.00925,283.0219
0.00125,0.00925,283.0227
0.00175,0.00925,283.0239
0.00225,0.00925,283.0256
0.00275,0.00925,283.0278
0.00325,0.00925,283.0304
0.00375,0.00925,283.0336
0.00425,0.00925,283.0374
0.00475,0.00925,283.0417
0.00525,0.00925,283.0467
0.00575,0.00925,283.0524
0.00625,0.00925,283.0589
0.00675,0.00925,283.0663
0.00725,0.00925,283.0745
0.00775,0.00925,283.0838
0.00825,0.00925,283.0941
0.00875,0.00925,283.1057
0.00925,0.00925,283.1186
0.00975,0.00925,283.133
0.01025,0.00925,283.1489
0.01075,0.00925,283.1666
0.01125,0.00925,283.1859
0.01175,0.00925,283.2075
0.01225,0.00925,283.2312
0.01275,0.00925,283.2572
0.01325,0.00925,283.2859
0.01375,0.00925,283.3175
0.01425,0.00925,283.352
0.01475,0.00925,283.3898
0.01525,0.00925,283.4312
0.01575,0.00925,283.4763
0.01625,0.00925,283.5255
0.01675,0.00925,283.5793
0.01725,0.00925,283.6376
0.01775,0.00925,283.7011
0.01825,0.00925,283.7701
0.01875,0.00925,283.8448
0.01925,0.00925,283.9258
0.01975,0.00925,284.0134
0.02025,0.00925,284.1082
0.02075,0.00925,284.2103
0.02125,0.00925,284.3206
0.02175,0.00925,284.4393
0.02225,0.00925,284.5671
0.02275,0.00925,284.7046
0.02325,0.00925,284.8522
0.02375,0.00925,285.0106
0.02425,0.00925,285.1804
0.02475,0.00925,285.3624
0.02525,0.00925,285.5574
0.02575,0.00925,285.7663
0.02625,0.00925,285.9901
0.02675,0.00925,286.2298
0.02725,0.00925,286.4871
0.02775,0.00925,286.7638
0.02825,0.00925,287.0624
0.02875,0.00925,287.386
0.02925,0.00925,287.7389
0.02975,0.00925,288.1248
0.03025,0.00925,288.5391
0.03075,0.00925,288.9298
0.03125,0.00925,289.2924
0.03175,0.00925,289.6307
0.03225,0.00925,289.9489
0.03275,0.00925,290.2501
0.03325,0.00925,290.5371
0.03375,0.00925,290.8119
0.03425,0.00925,291.0758
0.03475,0.00925,291.3304
0.03525,0.00925,291.5768
0.03575,0.00925,291.8159
0.03625,0.00925,292.0489
0.03675,0.00925,292.2764
0.03725,0.00925,292.4996
0.03775,0.00925,292.719
0.03825,0.00925,292.9356
0.03875,0.00925,293.1504
0.03925,0.00925,293.3637
0.03975,0.00925,293.5763
0.04025,0.00925,293.7892
0.04075,0.00925,294.003
0.04125,0.00925,294.2181
0.04175,0.00925,294.4356
0.04225,0.00925,294.6558
0.04275,0.00925,294.8793
0.04325,0.00925,295.1069
0.04375,0.00925,295.339
0.04425,0.00925,295.5759
0.04475,0.00925,295.8182
0.04525,0.00925,296.0662
0.04575,0.00925,296.32
0.04625,0.00925,296.5796
0.04675,0.00925,296.845
0.04725,0.00925,297.1158
0.04775,0.00925,297.3914
0.04825,0.00925,297.6707
0.04875,0.00925,297.9526
0.04925,0.00925,298.2356
0.04975,0.00925,298.5183
0.00025,0.00975,283.0215
0.00075,0.00975,283.0219
0.00125,0.00975,283.0227
0.00175,0.00975,283.024
0.00225,0.00975,283.0256
0.00275,0.00975,283.0278
0.00325,0.00975,283.0305
0.00375,0.00975,283.0337
0.00425,0.00975,283.0374
0.00475,0.00975,283.0417
0.00525,0.00975,283.0468
0.00575,0.00975,283.0525
0.00625,0.00975,283.059
0.00675,0.00975,283.0663
0.00725,0.00975,283.0746
0.00775,0.00975,283.0839
0.00825,0.00975,283.0943
0.00875,0.00975,283.1058
0.00925,0.00975,283.1188
0.00975,0.00975,283.1331
0.01025,0.00975,283.149
0.01075,0.00975,283.1666
0.01125,0.00975,283.1861
0.01175,0.00975,283.2076
0.01225,0.00975,283.2314
0.01275,0.00975,283.2574
0.01325,0.00975,283.2862
0.01375,0.00975,283.3177
0.01425,0.00975,283.3523
0.01475,0.00975,283.39
0.01525,0.00975,283.4314
0.01575,0.00975,283.4766
0.01625,0.00975,283.5259
0.01675,0.00975,283.5796
0.01725,0.00975,283.638
0.01775,0.00975,283.7016
0.01825,0.00975,283.7705
0.01875,0.00975,283.8452
0.01925,0.00975,283.9262
0.01975,0.00975,284.014
0.02025,0.00975,284.1087
0.02075,0.00975,284.211
0.02125,0.00975,284.3213
0.02175,0.00975,284.4401
0.02225,0.00975,284.568
0.02275,0.00975,284.7054
0.02325,0.00975,284.8532
0.02375,0.00975,285.0117
0.02425,0.00975,285.1817
0.02475,0.00975,285.364
0.02525,0.00975,285.5594
0.02575,0.00975,285.7688
0.02625,0.00975,285.9932
0.02675,0.00975,286.234
0.02725,0.00975,286.4929
0.02775,0.00975,286.7722
0.02825,0.00975,287.0752
0.02875,0.00975,287.4069
0.02925,0.00975,287.776
0.02975,0.00975,288.1993
0.03025,0.00975,288.7151
0.03075,0.00975,289.1433
0.03125,0.00975,289.5222
0.03175,0.00975,289.8684
0.03225,0.00975,290.1909
0.03275,0.00975,290.4949
0.03325,0.00975,290.7836
0.03375,0.00975,291.0594
0.03425,0.00975,291.3241
0.03475,0.00975,291.5792
0.03525,0.00975,291.8259
0.03575,0.00975,292.0653
0.03625,0.00975,292.2985
0.03675,0.00975,292.5262
0.03725,0.00975,292.7495
0.03775,0.00975,292.9691
0.03825,0.00975,293.1859
0.03875,0.00975,293.4006
0.03925,0.00975,293.614
0.03975,0.00975,293.8268
0.04025,0.00975,294.0397
0.04075,0.00975,294.2534
0.04125,0.00975,294.4688
0.04175,0.00975,294.6862
0.04225,0.00975,294.9065
0.04275,0.00975,295.1301
0.04325,0.00975,295.3577
0.04375,0.00975,295.5897
0.04425,0.00975,295.8266
0.04475,0.00975,296.0687
0.04525,0.00975,296.3164
0.04575,0.00975,296.5698
0.04625,0.00975,296.8289
0.04675,0.00975,297.0936
0.04725,0.00975,297.3636
0.04775,0.00975,297.6379
0.04825,0.00975,297.916
0.04875,0.00975,298.1965
0.04925,0.00975,298.4783
0.04975,0.00975,298.7604
